{
  "project_info": {
    "project_number": "978088879305",
    "project_id": "assignment-b4cff",
    "storage_bucket": "assignment-b4cff.appspot.com"
  },
  "client": [
    {
      "client_info": {
        "mobilesdk_app_id": "1:978088879305:android:77e5d0f2156e0727e79918",
        "android_client_info": {
          "package_name": "major.sequraise.Assignment"
        }
      },
      "oauth_client": [],
      "api_key": [
        {
          "current_key": "AIzaSyCKY_0s6RwNZLhv-wnMjcbhtL6dqDGMtnI"
        }
      ],
      "services": {
        "appinvite_service": {
          "other_platform_oauth_client": []
        }
      }
    }
  ],
  "configuration_version": "1"
}